Plate_ID,Well_ID,Row,Column,Species,Cell_type,Model_type,Time,Unit,Treatment_1,Concentration_1,Unit_1,Sample_type,Barcode
KP-6490-24hr,A01,A,1,Human,VOA-4698,2D-adherent,24,h,Media,0,uM,Vehicle_control,AACAAGGTAC
KP-6490-24hr,A02,A,2,Human,VOA-4698,2D-adherent,24,h,Media,0,uM,Vehicle_control,AACACCTAGT
KP-6490-24hr,A03,A,3,Human,VOA-4698,2D-adherent,24,h,DMSO,0,uM,Vehicle_control,AATCCTACCA
KP-6490-24hr,A04,A,4,Human,VOA-4698,2D-adherent,24,h,Media,0,uM,Vehicle_control,AATGAACACG
KP-6490-24hr,A05,A,5,Human,VOA-4698,2D-adherent,24,h,DMSO,0,uM,Vehicle_control,ACGCCTTCGT
KP-6490-24hr,A06,A,6,Human,VOA-4698,2D-adherent,24,h,Media,0,uM,Vehicle_control,ACGGTCCGTT
KP-6490-24hr,A07,A,7,Human,VOA-4698,2D-adherent,24,h,DMSO,0,uM,Vehicle_control,AGGAGGCATA
KP-6490-24hr,A08,A,8,Human,VOA-4698,2D-adherent,24,h,Media,0,uM,Vehicle_control,AGGTATCCTC
KP-6490-24hr,A09,A,9,Human,VOA-10841,2D-adherent,24,h,Media,0,uM,Vehicle_control,ATGGACCAAC
KP-6490-24hr,A10,A,10,Human,VOA-10841,2D-adherent,24,h,DMSO,0,uM,Vehicle_control,ATGGTGAGCG
KP-6490-24hr,A11,A,11,Human,VOA-10841,2D-adherent,24,h,Media,0,uM,Vehicle_control,CCATTCAGCG
KP-6490-24hr,A12,A,12,Human,VOA-10841,2D-adherent,24,h,DMSO,0,uM,Vehicle_control,CCGAACCTAA
KP-6490-24hr,A13,A,13,Human,VOA-10841,2D-adherent,24,h,Media,0,uM,Vehicle_control,CGCTTACTAA
KP-6490-24hr,A14,A,14,Human,VOA-10841,2D-adherent,24,h,DMSO,0,uM,Vehicle_control,CGGAAGCTGT
KP-6490-24hr,A15,A,15,Human,VOA-10841,2D-adherent,24,h,Media,0,uM,Vehicle_control,CTGTCGCTTC
KP-6490-24hr,A16,A,16,Human,AOCS-2,2D-adherent,24,h,Media,0,uM,Vehicle_control,CTGTGCAACA
KP-6490-24hr,A17,A,17,Human,AOCS-2,2D-adherent,24,h,DMSO,0,uM,Vehicle_control,GCAATGTAAG
KP-6490-24hr,A18,A,18,Human,AOCS-2,2D-adherent,24,h,Media,0,uM,Vehicle_control,GCACTCGGAA
KP-6490-24hr,A19,A,19,Human,AOCS-2,2D-adherent,24,h,DMSO,0,uM,Vehicle_control,GGTTATGGCG
KP-6490-24hr,A20,A,20,Human,AOCS-2,2D-adherent,24,h,Media,0,uM,Vehicle_control,GGTTGTGCAA
KP-6490-24hr,A21,A,21,Human,AOCS-2,2D-adherent,24,h,DMSO,0,uM,Vehicle_control,TAGCGAACGC
KP-6490-24hr,A22,A,22,Human,AOCS-2,2D-adherent,24,h,Media,0,uM,Vehicle_control,TAGGACGCCT
KP-6490-24hr,A23,A,23,Human,AOCS-2,2D-adherent,24,h,Media,0,uM,Vehicle_control,TGAACTAACC
KP-6490-24hr,A24,A,24,Human,AOCS-2,2D-adherent,24,h,Media,0,uM,Vehicle_control,TGAAGATCCA
KP-6490-24hr,B01,B,1,Human,VOA-4698,2D-adherent,24,h,Media,0,uM,Vehicle_control,AACAATCAGG
KP-6490-24hr,B02,B,2,Human,VOA-4698,2D-adherent,24,h,Pelitinib,1,uM,Sample,AACAGGCAAT
KP-6490-24hr,B03,B,3,Human,VOA-4698,2D-adherent,24,h,Pelitinib,1,uM,Sample,AATCGTCCGC
KP-6490-24hr,B04,B,4,Human,VOA-4698,2D-adherent,24,h,Trametinib,1,uM,Sample,AATGACCTTC
KP-6490-24hr,B05,B,5,Human,VOA-4698,2D-adherent,24,h,Trametinib,1,uM,Sample,ACGCTGGATA
KP-6490-24hr,B06,B,6,Human,VOA-4698,2D-adherent,24,h,Avutometinib,1,uM,Sample,ACGTAGGCAC
KP-6490-24hr,B07,B,7,Human,VOA-4698,2D-adherent,24,h,Avutometinib,1,uM,Sample,AGGCGTCTGT
KP-6490-24hr,B08,B,8,Human,VOA-4698,2D-adherent,24,h,DMSO,0,uM,Vehicle_control,AGGTCACCAA
KP-6490-24hr,B09,B,9,Human,VOA-10841,2D-adherent,24,h,Pelitinib,1,uM,Sample,ATGGTCTTAG
KP-6490-24hr,B10,B,10,Human,VOA-10841,2D-adherent,24,h,Pelitinib,1,uM,Sample,ATGTGGAAGC
KP-6490-24hr,B11,B,11,Human,VOA-10841,2D-adherent,24,h,Trametinib,1,uM,Sample,CCGAACAAGC
KP-6490-24hr,B12,B,12,Human,VOA-10841,2D-adherent,24,h,Trametinib,1,uM,Sample,CCGAAGACCT
KP-6490-24hr,B13,B,13,Human,VOA-10841,2D-adherent,24,h,Avutometinib,1,uM,Sample,CGCTTCTTGG
KP-6490-24hr,B14,B,14,Human,VOA-10841,2D-adherent,24,h,Avutometinib,1,uM,Sample,CGGAATACAC
KP-6490-24hr,B15,B,15,Human,VOA-10841,2D-adherent,24,h,DMSO,0,uM,Vehicle_control,CTGTCTGTGT
KP-6490-24hr,B16,B,16,Human,AOCS-2,2D-adherent,24,h,Pelitinib,1,uM,Sample,CTTATGTTGC
KP-6490-24hr,B17,B,17,Human,AOCS-2,2D-adherent,24,h,Pelitinib,1,uM,Sample,GCACACTATA
KP-6490-24hr,B18,B,18,Human,AOCS-2,2D-adherent,24,h,Trametinib,1,uM,Sample,GCACTGCGTT
KP-6490-24hr,B19,B,19,Human,AOCS-2,2D-adherent,24,h,Trametinib,1,uM,Sample,GGTTCACTGG
KP-6490-24hr,B20,B,20,Human,AOCS-2,2D-adherent,24,h,Avutometinib,1,uM,Sample,GTAACCAGTA
KP-6490-24hr,B21,B,21,Human,AOCS-2,2D-adherent,24,h,Avutometinib,1,uM,Sample,TAGCGCCAAC
KP-6490-24hr,B22,B,22,Human,AOCS-2,2D-adherent,24,h,DMSO,0,uM,Vehicle_control,TAGGTTGCAA
KP-6490-24hr,B23,B,23,Human,AOCS-2,2D-adherent,24,h,Media,0,uM,Vehicle_control,TGAAGAAGGT
KP-6490-24hr,B24,B,24,Human,AOCS-2,2D-adherent,24,h,Media,0,uM,Vehicle_control,TGACCTGAGA
KP-6490-24hr,C01,C,1,Human,VOA-4698,2D-adherent,24,h,Media,0,uM,Vehicle_control,AACATGGAGA
KP-6490-24hr,C02,C,2,Human,VOA-4698,2D-adherent,24,h,Pelitinib,0.1,uM,Sample,AACCAGCCAG
KP-6490-24hr,C03,C,3,Human,VOA-4698,2D-adherent,24,h,Pelitinib,0.1,uM,Sample,AATGAGAGCA
KP-6490-24hr,C04,C,4,Human,VOA-4698,2D-adherent,24,h,Trametinib,0.1,uM,Sample,AATTAGGCCG
KP-6490-24hr,C05,C,5,Human,VOA-4698,2D-adherent,24,h,Trametinib,0.1,uM,Sample,ACGTGCTGAT
KP-6490-24hr,C06,C,6,Human,VOA-4698,2D-adherent,24,h,Avutometinib,0.1,uM,Sample,ACTGGCGCAT
KP-6490-24hr,C07,C,7,Human,VOA-4698,2D-adherent,24,h,Avutometinib,0.1,uM,Sample,AGTAACTCAC
KP-6490-24hr,C08,C,8,Human,VOA-4698,2D-adherent,24,h,DMSO,0,uM,Vehicle_control,AGTCCACGTA
KP-6490-24hr,C09,C,9,Human,VOA-10841,2D-adherent,24,h,Pelitinib,0.1,uM,Sample,ATTATCGGAC
KP-6490-24hr,C10,C,10,Human,VOA-10841,2D-adherent,24,h,Pelitinib,0.1,uM,Sample,CAACAATCCA
KP-6490-24hr,C11,C,11,Human,VOA-10841,2D-adherent,24,h,Trametinib,0.1,uM,Sample,CCGAATAGTG
KP-6490-24hr,C12,C,12,Human,VOA-10841,2D-adherent,24,h,Trametinib,0.1,uM,Sample,CCGATCCACT
KP-6490-24hr,C13,C,13,Human,VOA-10841,2D-adherent,24,h,Avutometinib,0.1,uM,Sample,CGGAGATTGG
KP-6490-24hr,C14,C,14,Human,VOA-10841,2D-adherent,24,h,Avutometinib,0.1,uM,Sample,CGGATCGGTA
KP-6490-24hr,C15,C,15,Human,VOA-10841,2D-adherent,24,h,DMSO,0,uM,Vehicle_control,CTTCATATCG
KP-6490-24hr,C16,C,16,Human,AOCS-2,2D-adherent,24,h,Pelitinib,0.1,uM,Sample,CTTGGATCTT
KP-6490-24hr,C17,C,17,Human,AOCS-2,2D-adherent,24,h,Pelitinib,0.1,uM,Sample,GCACTTAATC
KP-6490-24hr,C18,C,18,Human,AOCS-2,2D-adherent,24,h,Trametinib,0.1,uM,Sample,GCAGTACTGG
KP-6490-24hr,C19,C,19,Human,AOCS-2,2D-adherent,24,h,Trametinib,0.1,uM,Sample,GTAACCTTGG
KP-6490-24hr,C20,C,20,Human,AOCS-2,2D-adherent,24,h,Avutometinib,0.1,uM,Sample,GTAAGGCTCC
KP-6490-24hr,C21,C,21,Human,AOCS-2,2D-adherent,24,h,Avutometinib,0.1,uM,Sample,TAGTAGTCTC
KP-6490-24hr,C22,C,22,Human,AOCS-2,2D-adherent,24,h,DMSO,0,uM,Vehicle_control,TAGTGGAACT
KP-6490-24hr,C23,C,23,Human,AOCS-2,2D-adherent,24,h,Media,0,uM,Vehicle_control,TGAGCGTTCC
KP-6490-24hr,C24,C,24,Human,AOCS-2,2D-adherent,24,h,Media,0,uM,Vehicle_control,TGCGCTCATT
KP-6490-24hr,D01,D,1,Human,VOA-4698,2D-adherent,24,h,Media,0,uM,Vehicle_control,AACATTACCG
KP-6490-24hr,D02,D,2,Human,VOA-4698,2D-adherent,24,h,Dacomitinib,1,uM,Sample,AACCAGTTGA
KP-6490-24hr,D03,D,3,Human,VOA-4698,2D-adherent,24,h,Dacomitinib,1,uM,Sample,AATGTCAGTG
KP-6490-24hr,D04,D,4,Human,VOA-4698,2D-adherent,24,h,TAK-733,1,uM,Sample,AATTGCGATG
KP-6490-24hr,D05,D,5,Human,VOA-4698,2D-adherent,24,h,TAK-733,1,uM,Sample,ACTCCAAGCC
KP-6490-24hr,D06,D,6,Human,VOA-4698,2D-adherent,24,h,Carboplatin,1,uM,Sample,ACTGGCTTCC
KP-6490-24hr,D07,D,7,Human,VOA-4698,2D-adherent,24,h,Carboplatin,1,uM,Sample,AGTAAGCGTT
KP-6490-24hr,D08,D,8,Human,VOA-4698,2D-adherent,24,h,Stauro,1,uM,Positive_control,AGTCTCGGCA
KP-6490-24hr,D09,D,9,Human,VOA-10841,2D-adherent,24,h,Dacomitinib,1,uM,Sample,ATTCGGAACA
KP-6490-24hr,D10,D,10,Human,VOA-10841,2D-adherent,24,h,Dacomitinib,1,uM,Sample,CAAGAAGCAT
KP-6490-24hr,D11,D,11,Human,VOA-10841,2D-adherent,24,h,TAK-733,1,uM,Sample,CCGACTTCTC
KP-6490-24hr,D12,D,12,Human,VOA-10841,2D-adherent,24,h,TAK-733,1,uM,Sample,CCGATGATAC
KP-6490-24hr,D13,D,13,Human,VOA-10841,2D-adherent,24,h,Carboplatin,1,uM,Sample,CGGAGCTCAA
KP-6490-24hr,D14,D,14,Human,VOA-10841,2D-adherent,24,h,Carboplatin,1,uM,Sample,CGGATTCTAG
KP-6490-24hr,D15,D,15,Human,VOA-10841,2D-adherent,24,h,Stauro,1,uM,Positive_control,CTTGCTGACG
KP-6490-24hr,D16,D,16,Human,AOCS-2,2D-adherent,24,h,Dacomitinib,1,uM,Sample,GAAGAGTTCT
KP-6490-24hr,D17,D,17,Human,AOCS-2,2D-adherent,24,h,Dacomitinib,1,uM,Sample,GCAGGAGATG
KP-6490-24hr,D18,D,18,Human,AOCS-2,2D-adherent,24,h,TAK-733,1,uM,Sample,GCATATGAGT
KP-6490-24hr,D19,D,19,Human,AOCS-2,2D-adherent,24,h,TAK-733,1,uM,Sample,GTAAGAACCT
KP-6490-24hr,D20,D,20,Human,AOCS-2,2D-adherent,24,h,Carboplatin,1,uM,Sample,GTAATCCACG
KP-6490-24hr,D21,D,21,Human,AOCS-2,2D-adherent,24,h,Carboplatin,1,uM,Sample,TAGTCCGCTG
KP-6490-24hr,D22,D,22,Human,AOCS-2,2D-adherent,24,h,Stauro,1,uM,Positive_control,TATCATGCAG
KP-6490-24hr,D23,D,23,Human,AOCS-2,2D-adherent,24,h,Media,0,uM,Vehicle_control,TGAGTACGTA
KP-6490-24hr,D24,D,24,Human,AOCS-2,2D-adherent,24,h,Media,0,uM,Vehicle_control,TGCGTGCTCA
KP-6490-24hr,E01,E,1,Human,VOA-4698,2D-adherent,24,h,Media,0,uM,Vehicle_control,AACCGCGACT
KP-6490-24hr,E02,E,2,Human,VOA-4698,2D-adherent,24,h,Dacomitinib,0.1,uM,Sample,AACCGGCGTA
KP-6490-24hr,E03,E,3,Human,VOA-4698,2D-adherent,24,h,Dacomitinib,0.1,uM,Sample,ACAACAGTCG
KP-6490-24hr,E04,E,4,Human,VOA-4698,2D-adherent,24,h,TAK-733,0.1,uM,Sample,ACAACGGAGC
KP-6490-24hr,E05,E,5,Human,VOA-4698,2D-adherent,24,h,TAK-733,0.1,uM,Sample,ACTTAACTGC
KP-6490-24hr,E06,E,6,Human,VOA-4698,2D-adherent,24,h,Carboplatin,0.1,uM,Sample,ACTTCGTTGA
KP-6490-24hr,E07,E,7,Human,VOA-4698,2D-adherent,24,h,Carboplatin,0.1,uM,Sample,AGTCTGTACG
KP-6490-24hr,E08,E,8,Human,VOA-4698,2D-adherent,24,h,Stauro,1,uM,Positive_control,ATAACGCCTC
KP-6490-24hr,E09,E,9,Human,VOA-10841,2D-adherent,24,h,Dacomitinib,0.1,uM,Sample,CAAGATGAGG
KP-6490-24hr,E10,E,10,Human,VOA-10841,2D-adherent,24,h,Dacomitinib,0.1,uM,Sample,CAAGTGGATC
KP-6490-24hr,E11,E,11,Human,VOA-10841,2D-adherent,24,h,TAK-733,0.1,uM,Sample,CCGCGTTATG
KP-6490-24hr,E12,E,12,Human,VOA-10841,2D-adherent,24,h,TAK-733,0.1,uM,Sample,CCGGAGTATC
KP-6490-24hr,E13,E,13,Human,VOA-10841,2D-adherent,24,h,Carboplatin,0.1,uM,Sample,CGGCAACTTA
KP-6490-24hr,E14,E,14,Human,VOA-10841,2D-adherent,24,h,Carboplatin,0.1,uM,Sample,CGGTCGTATT
KP-6490-24hr,E15,E,15,Human,VOA-10841,2D-adherent,24,h,Stauro,1,uM,Positive_control,GAAGGATTAG
KP-6490-24hr,E16,E,16,Human,AOCS-2,2D-adherent,24,h,Dacomitinib,0.1,uM,Sample,GAATCTTCTC
KP-6490-24hr,E17,E,17,Human,AOCS-2,2D-adherent,24,h,Dacomitinib,0.1,uM,Sample,GCATCCGATC
KP-6490-24hr,E18,E,18,Human,AOCS-2,2D-adherent,24,h,TAK-733,0.1,uM,Sample,GCCACGATTC
KP-6490-24hr,E19,E,19,Human,AOCS-2,2D-adherent,24,h,TAK-733,0.1,uM,Sample,GTATTGTGGA
KP-6490-24hr,E20,E,20,Human,AOCS-2,2D-adherent,24,h,Carboplatin,0.1,uM,Sample,GTCCTTCGGT
KP-6490-24hr,E21,E,21,Human,AOCS-2,2D-adherent,24,h,Carboplatin,0.1,uM,Sample,TATCGTTACG
KP-6490-24hr,E22,E,22,Human,AOCS-2,2D-adherent,24,h,Stauro,1,uM,Positive_control,TCACAGATAC
KP-6490-24hr,E23,E,23,Human,AOCS-2,2D-adherent,24,h,Media,0,uM,Vehicle_control,TGGAATGGAG
KP-6490-24hr,E24,E,24,Human,AOCS-2,2D-adherent,24,h,Media,0,uM,Vehicle_control,TGTGACGTGC
KP-6490-24hr,F01,F,1,Human,VOA-4698,2D-adherent,24,h,Media,0,uM,Vehicle_control,AACCGGAAGG
KP-6490-24hr,F02,F,2,Human,VOA-4698,2D-adherent,24,h,Neratinib,1,uM,Sample,AACCTAGTCC
KP-6490-24hr,F03,F,3,Human,VOA-4698,2D-adherent,24,h,Neratinib,1,uM,Sample,ACAACCATAC
KP-6490-24hr,F04,F,4,Human,VOA-4698,2D-adherent,24,h,Selumetinib,1,uM,Sample,ACAAGCGCGA
KP-6490-24hr,F05,F,5,Human,VOA-4698,2D-adherent,24,h,Selumetinib,1,uM,Sample,ACTTCATCAC
KP-6490-24hr,F06,F,6,Human,VOA-4698,2D-adherent,24,h,Paclitaxel,1,uM,Positive_control,ACTTCTCCTG
KP-6490-24hr,F07,F,7,Human,VOA-4698,2D-adherent,24,h,Paclitaxel,1,uM,Positive_control,AGTGCAATGT
KP-6490-24hr,F08,F,8,Human,VOA-4698,2D-adherent,24,h,Stauro,0.1,uM,Positive_control,ATAAGAGGTC
KP-6490-24hr,F09,F,9,Human,VOA-10841,2D-adherent,24,h,Neratinib,1,uM,Sample,CAAGCCAACG
KP-6490-24hr,F10,F,10,Human,VOA-10841,2D-adherent,24,h,Neratinib,1,uM,Sample,CACAGTTCAT
KP-6490-24hr,F11,F,11,Human,VOA-10841,2D-adherent,24,h,Selumetinib,1,uM,Sample,CCGCTAGCTT
KP-6490-24hr,F12,F,12,Human,VOA-10841,2D-adherent,24,h,Selumetinib,1,uM,Sample,CCGGCCAATT
KP-6490-24hr,F13,F,13,Human,VOA-10841,2D-adherent,24,h,Paclitaxel,1,uM,Positive_control,CGGCTCATCA
KP-6490-24hr,F14,F,14,Human,VOA-10841,2D-adherent,24,h,Paclitaxel,1,uM,Positive_control,CGGTGACATC
KP-6490-24hr,F15,F,15,Human,VOA-10841,2D-adherent,24,h,Stauro,0.1,uM,Positive_control,GAATCGAGCC
KP-6490-24hr,F16,F,16,Human,AOCS-2,2D-adherent,24,h,Neratinib,1,uM,Sample,GAATTACGGC
KP-6490-24hr,F17,F,17,Human,AOCS-2,2D-adherent,24,h,Neratinib,1,uM,Sample,GCCAAGTACA
KP-6490-24hr,F18,F,18,Human,AOCS-2,2D-adherent,24,h,Selumetinib,1,uM,Sample,GCCATAGGTT
KP-6490-24hr,F19,F,19,Human,AOCS-2,2D-adherent,24,h,Selumetinib,1,uM,Sample,GTCCGCATCA
KP-6490-24hr,F20,F,20,Human,AOCS-2,2D-adherent,24,h,Paclitaxel,1,uM,Positive_control,GTCGCTCTCT
KP-6490-24hr,F21,F,21,Human,AOCS-2,2D-adherent,24,h,Paclitaxel,1,uM,Positive_control,TCAAGTGCAG
KP-6490-24hr,F22,F,22,Human,AOCS-2,2D-adherent,24,h,Stauro,0.1,uM,Positive_control,TCACCGCCTA
KP-6490-24hr,F23,F,23,Human,AOCS-2,2D-adherent,24,h,Media,0,uM,Vehicle_control,TGTCATTCGC
KP-6490-24hr,F24,F,24,Human,AOCS-2,2D-adherent,24,h,Media,0,uM,Vehicle_control,TGTGCACTAA
KP-6490-24hr,G01,G,1,Human,VOA-4698,2D-adherent,24,h,Media,0,uM,Vehicle_control,AACCTCATAG
KP-6490-24hr,G02,G,2,Human,VOA-4698,2D-adherent,24,h,Neratinib,0.1,uM,Sample,AACTCTACAC
KP-6490-24hr,G03,G,3,Human,VOA-4698,2D-adherent,24,h,Neratinib,0.1,uM,Sample,ACACAATCTC
KP-6490-24hr,G04,G,4,Human,VOA-4698,2D-adherent,24,h,Selumetinib,0.1,uM,Sample,ACACCGAATT
KP-6490-24hr,G05,G,5,Human,VOA-4698,2D-adherent,24,h,Selumetinib,0.1,uM,Sample,ACTTGAGGAA
KP-6490-24hr,G06,G,6,Human,VOA-4698,2D-adherent,24,h,Paclitaxel,0.1,uM,Positive_control,AGAACCACGG
KP-6490-24hr,G07,G,7,Human,VOA-4698,2D-adherent,24,h,Paclitaxel,0.1,uM,Positive_control,ATAAGGTGCA
KP-6490-24hr,G08,G,8,Human,VOA-4698,2D-adherent,24,h,Stauro,0.1,uM,Positive_control,ATACCTCCGG
KP-6490-24hr,G09,G,9,Human,VOA-10841,2D-adherent,24,h,Neratinib,0.1,uM,Sample,CACGAGTCTG
KP-6490-24hr,G10,G,10,Human,VOA-10841,2D-adherent,24,h,Neratinib,0.1,uM,Sample,CACTGAGCAC
KP-6490-24hr,G11,G,11,Human,VOA-10841,2D-adherent,24,h,Selumetinib,0.1,uM,Sample,CCGGTCTCTA
KP-6490-24hr,G12,G,12,Human,VOA-10841,2D-adherent,24,h,Selumetinib,0.1,uM,Sample,CCGTCAGAAC
KP-6490-24hr,G13,G,13,Human,VOA-10841,2D-adherent,24,h,Paclitaxel,0.1,uM,Positive_control,CGTAACGGAT
KP-6490-24hr,G14,G,14,Human,VOA-10841,2D-adherent,24,h,Paclitaxel,0.1,uM,Positive_control,CGTACTGTAA
KP-6490-24hr,G15,G,15,Human,VOA-10841,2D-adherent,24,h,Stauro,0.1,uM,Positive_control,GACCATCTAA
KP-6490-24hr,G16,G,16,Human,AOCS-2,2D-adherent,24,h,Neratinib,0.1,uM,Sample,GAGAACGAAG
KP-6490-24hr,G17,G,17,Human,AOCS-2,2D-adherent,24,h,Neratinib,0.1,uM,Sample,GCCATATCGA
KP-6490-24hr,G18,G,18,Human,AOCS-2,2D-adherent,24,h,Selumetinib,0.1,uM,Sample,GCCTGGACAT
KP-6490-24hr,G19,G,19,Human,AOCS-2,2D-adherent,24,h,Selumetinib,0.1,uM,Sample,GTCGGTGACA
KP-6490-24hr,G20,G,20,Human,AOCS-2,2D-adherent,24,h,Paclitaxel,0.1,uM,Positive_control,GTCTCTTAAG
KP-6490-24hr,G21,G,21,Human,AOCS-2,2D-adherent,24,h,Paclitaxel,0.1,uM,Positive_control,TCACGCCACT
KP-6490-24hr,G22,G,22,Human,AOCS-2,2D-adherent,24,h,Stauro,0.1,uM,Positive_control,TCATTGTCCA
KP-6490-24hr,G23,G,23,Human,AOCS-2,2D-adherent,24,h,Media,0,uM,Vehicle_control,TGTGCTTCAG
KP-6490-24hr,G24,G,24,Human,AOCS-2,2D-adherent,24,h,Media,0,uM,Vehicle_control,TGTTGTGACT
KP-6490-24hr,H01,H,1,Human,VOA-4698,2D-adherent,24,h,Media,0,uM,Vehicle_control,AACGTAAGCT
KP-6490-24hr,H02,H,2,Human,VOA-4698,2D-adherent,24,h,Avitinib (maleate),1,uM,Sample,AACTGTGTCA
KP-6490-24hr,H03,H,3,Human,VOA-4698,2D-adherent,24,h,Avitinib (maleate),1,uM,Sample,ACACAGTGAA
KP-6490-24hr,H04,H,4,Human,VOA-4698,2D-adherent,24,h,RO4987655,1,uM,Sample,ACACGCAGTA
KP-6490-24hr,H05,H,5,Human,VOA-4698,2D-adherent,24,h,RO4987655,1,uM,Sample,ACTTGTAAGG
KP-6490-24hr,H06,H,6,Human,VOA-4698,2D-adherent,24,h,Tucidinostat,1,uM,Sample,AGAAGCAATC
KP-6490-24hr,H07,H,7,Human,VOA-4698,2D-adherent,24,h,Tucidinostat,1,uM,Sample,ATACACGACA
KP-6490-24hr,H08,H,8,Human,VOA-4698,2D-adherent,24,h,Mito,1,uM,Positive_control,ATAGCAGTGC
KP-6490-24hr,H09,H,9,Human,VOA-10841,2D-adherent,24,h,Avitinib (maleate),1,uM,Sample,CACGCTCCAA
KP-6490-24hr,H10,H,10,Human,VOA-10841,2D-adherent,24,h,Avitinib (maleate),1,uM,Sample,CAGATCAATG
KP-6490-24hr,H11,H,11,Human,VOA-10841,2D-adherent,24,h,RO4987655,1,uM,Sample,CCGTACGATG
KP-6490-24hr,H12,H,12,Human,VOA-10841,2D-adherent,24,h,RO4987655,1,uM,Sample,CCTAGACACG
KP-6490-24hr,H13,H,13,Human,VOA-10841,2D-adherent,24,h,Tucidinostat,1,uM,Sample,CGTAAGATTC
KP-6490-24hr,H14,H,14,Human,VOA-10841,2D-adherent,24,h,Tucidinostat,1,uM,Sample,CGTAGAAGAC
KP-6490-24hr,H15,H,15,Human,VOA-10841,2D-adherent,24,h,Mito,1,uM,Positive_control,GACGACCACA
KP-6490-24hr,H16,H,16,Human,AOCS-2,2D-adherent,24,h,Avitinib (maleate),1,uM,Sample,GAGACAAGGC
KP-6490-24hr,H17,H,17,Human,AOCS-2,2D-adherent,24,h,Avitinib (maleate),1,uM,Sample,GCCGTCAATA
KP-6490-24hr,H18,H,18,Human,AOCS-2,2D-adherent,24,h,RO4987655,1,uM,Sample,GCGTAATTAC
KP-6490-24hr,H19,H,19,Human,AOCS-2,2D-adherent,24,h,RO4987655,1,uM,Sample,GTCTCGAGTG
KP-6490-24hr,H20,H,20,Human,AOCS-2,2D-adherent,24,h,Tucidinostat,1,uM,Sample,GTCTTCCGAG
KP-6490-24hr,H21,H,21,Human,AOCS-2,2D-adherent,24,h,Tucidinostat,1,uM,Sample,TCACGTTGGC
KP-6490-24hr,H22,H,22,Human,AOCS-2,2D-adherent,24,h,Mito,1,uM,Positive_control,TCCACACTAG
KP-6490-24hr,H23,H,23,Human,AOCS-2,2D-adherent,24,h,Media,0,uM,Vehicle_control,TGTTCAGGAT
KP-6490-24hr,H24,H,24,Human,AOCS-2,2D-adherent,24,h,Media,0,uM,Vehicle_control,TTAACGCTGA
KP-6490-24hr,I01,I,1,Human,VOA-4698,2D-adherent,24,h,Media,0,uM,Vehicle_control,AAGACGGATT
KP-6490-24hr,I02,I,2,Human,VOA-4698,2D-adherent,24,h,Avitinib (maleate),0.1,uM,Sample,AAGATGTCCA
KP-6490-24hr,I03,I,3,Human,VOA-4698,2D-adherent,24,h,Avitinib (maleate),0.1,uM,Sample,ACACGGTCCT
KP-6490-24hr,I04,I,4,Human,VOA-4698,2D-adherent,24,h,RO4987655,0.1,uM,Sample,ACAGTGCCAA
KP-6490-24hr,I05,I,5,Human,VOA-4698,2D-adherent,24,h,RO4987655,0.1,uM,Sample,AGACCGTTAT
KP-6490-24hr,I06,I,6,Human,VOA-4698,2D-adherent,24,h,Tucidinostat,0.1,uM,Sample,AGAGATGCAG
KP-6490-24hr,I07,I,7,Human,VOA-4698,2D-adherent,24,h,Tucidinostat,0.1,uM,Sample,ATAGGCCATT
KP-6490-24hr,I08,I,8,Human,VOA-4698,2D-adherent,24,h,Mito,1,uM,Positive_control,ATCAGCACTT
KP-6490-24hr,I09,I,9,Human,VOA-10841,2D-adherent,24,h,Avitinib (maleate),0.1,uM,Sample,CAGTGCTCTT
KP-6490-24hr,I10,I,10,Human,VOA-10841,2D-adherent,24,h,Avitinib (maleate),0.1,uM,Sample,CATAGCTATC
KP-6490-24hr,I11,I,11,Human,VOA-10841,2D-adherent,24,h,RO4987655,0.1,uM,Sample,CCTAGTTGAG
KP-6490-24hr,I12,I,12,Human,VOA-10841,2D-adherent,24,h,RO4987655,0.1,uM,Sample,CCTCAACCGA
KP-6490-24hr,I13,I,13,Human,VOA-10841,2D-adherent,24,h,Tucidinostat,0.1,uM,Sample,CGTCCTAGGA
KP-6490-24hr,I14,I,14,Human,VOA-10841,2D-adherent,24,h,Tucidinostat,0.1,uM,Sample,CGTGAGTTAT
KP-6490-24hr,I15,I,15,Human,VOA-10841,2D-adherent,24,h,Mito,1,uM,Positive_control,GAGACATCTT
KP-6490-24hr,I16,I,16,Human,AOCS-2,2D-adherent,24,h,Avitinib (maleate),0.1,uM,Sample,GAGTAGACCA
KP-6490-24hr,I17,I,17,Human,AOCS-2,2D-adherent,24,h,Avitinib (maleate),0.1,uM,Sample,GCTATTATCC
KP-6490-24hr,I18,I,18,Human,AOCS-2,2D-adherent,24,h,RO4987655,0.1,uM,Sample,GCTGCTTATA
KP-6490-24hr,I19,I,19,Human,AOCS-2,2D-adherent,24,h,RO4987655,0.1,uM,Sample,GTGACTATAC
KP-6490-24hr,I20,I,20,Human,AOCS-2,2D-adherent,24,h,Tucidinostat,0.1,uM,Sample,GTGTGCCTGT
KP-6490-24hr,I21,I,21,Human,AOCS-2,2D-adherent,24,h,Tucidinostat,0.1,uM,Sample,TCCACGGTCA
KP-6490-24hr,I22,I,22,Human,AOCS-2,2D-adherent,24,h,Mito,1,uM,Positive_control,TCCGACTAAC
KP-6490-24hr,I23,I,23,Human,AOCS-2,2D-adherent,24,h,Media,0,uM,Vehicle_control,TTACACACGT
KP-6490-24hr,I24,I,24,Human,AOCS-2,2D-adherent,24,h,Media,0,uM,Vehicle_control,TTATAGGAGG
KP-6490-24hr,J01,J,1,Human,VOA-4698,2D-adherent,24,h,Media,0,uM,Vehicle_control,AAGATCGGCG
KP-6490-24hr,J02,J,2,Human,VOA-4698,2D-adherent,24,h,AEE788,1,uM,Sample,AAGCATATGG
KP-6490-24hr,J03,J,3,Human,VOA-4698,2D-adherent,24,h,AEE788,1,uM,Sample,ACACTTGCTG
KP-6490-24hr,J04,J,4,Human,VOA-4698,2D-adherent,24,h,Pimasertib,1,uM,Sample,ACATGTGTGC
KP-6490-24hr,J05,J,5,Human,VOA-4698,2D-adherent,24,h,Pimasertib,1,uM,Sample,AGACTAGCAT
KP-6490-24hr,J06,J,6,Human,VOA-4698,2D-adherent,24,h,Palbociclib,1,uM,Sample,AGAGCTTACA
KP-6490-24hr,J07,J,7,Human,VOA-4698,2D-adherent,24,h,Palbociclib,1,uM,Sample,ATATCCGCAT
KP-6490-24hr,J08,J,8,Human,VOA-4698,2D-adherent,24,h,Mito,0.1,uM,Positive_control,ATCAGCGAGG
KP-6490-24hr,J09,J,9,Human,VOA-10841,2D-adherent,24,h,AEE788,1,uM,Sample,CAGTTAAGCA
KP-6490-24hr,J10,J,10,Human,VOA-10841,2D-adherent,24,h,AEE788,1,uM,Sample,CATCACCACC
KP-6490-24hr,J11,J,11,Human,VOA-10841,2D-adherent,24,h,Pimasertib,1,uM,Sample,CCTATTCTGT
KP-6490-24hr,J12,J,12,Human,VOA-10841,2D-adherent,24,h,Pimasertib,1,uM,Sample,CCTCCATAAG
KP-6490-24hr,J13,J,13,Human,VOA-10841,2D-adherent,24,h,Palbociclib,1,uM,Sample,CGTCGGCAAT
KP-6490-24hr,J14,J,14,Human,VOA-10841,2D-adherent,24,h,Palbociclib,1,uM,Sample,CGTGTCAAGC
KP-6490-24hr,J15,J,15,Human,VOA-10841,2D-adherent,24,h,Mito,0.1,uM,Positive_control,GAGCGAGTCA
KP-6490-24hr,J16,J,16,Human,AOCS-2,2D-adherent,24,h,AEE788,1,uM,Sample,GATACGCTTA
KP-6490-24hr,J17,J,17,Human,AOCS-2,2D-adherent,24,h,AEE788,1,uM,Sample,GCTCAGTAAT
KP-6490-24hr,J18,J,18,Human,AOCS-2,2D-adherent,24,h,Pimasertib,1,uM,Sample,GGAATAAGCA
KP-6490-24hr,J19,J,19,Human,AOCS-2,2D-adherent,24,h,Pimasertib,1,uM,Sample,GTGGTTAATG
KP-6490-24hr,J20,J,20,Human,AOCS-2,2D-adherent,24,h,Palbociclib,1,uM,Sample,GTGTGTGTCC
KP-6490-24hr,J21,J,21,Human,AOCS-2,2D-adherent,24,h,Palbociclib,1,uM,Sample,TCCACTCGCT
KP-6490-24hr,J22,J,22,Human,AOCS-2,2D-adherent,24,h,Mito,0.1,uM,Positive_control,TCCGTTATCT
KP-6490-24hr,J23,J,23,Human,AOCS-2,2D-adherent,24,h,Media,0,uM,Vehicle_control,TTACTGTGAC
KP-6490-24hr,J24,J,24,Human,AOCS-2,2D-adherent,24,h,Media,0,uM,Vehicle_control,TTATCGCGTT
KP-6490-24hr,K01,K,1,Human,VOA-4698,2D-adherent,24,h,Media,0,uM,Vehicle_control,AAGCGATGTT
KP-6490-24hr,K02,K,2,Human,VOA-4698,2D-adherent,24,h,AEE788,0.1,uM,Sample,AAGCTCACCT
KP-6490-24hr,K03,K,3,Human,VOA-4698,2D-adherent,24,h,AEE788,0.1,uM,Sample,ACCAGGACCA
KP-6490-24hr,K04,K,4,Human,VOA-4698,2D-adherent,24,h,Pimasertib,0.1,uM,Sample,ACCGAACCGT
KP-6490-24hr,K05,K,5,Human,VOA-4698,2D-adherent,24,h,Pimasertib,0.1,uM,Sample,AGAGTGTAAC
KP-6490-24hr,K06,K,6,Human,VOA-4698,2D-adherent,24,h,Palbociclib,0.1,uM,Sample,AGATAGTGCT
KP-6490-24hr,K07,K,7,Human,VOA-4698,2D-adherent,24,h,Palbociclib,0.1,uM,Sample,ATCCAATACG
KP-6490-24hr,K08,K,8,Human,VOA-4698,2D-adherent,24,h,Mito,0.1,uM,Positive_control,ATCCGTCCAT
KP-6490-24hr,K09,K,9,Human,VOA-10841,2D-adherent,24,h,AEE788,0.1,uM,Sample,CATGTACGCC
KP-6490-24hr,K10,K,10,Human,VOA-10841,2D-adherent,24,h,AEE788,0.1,uM,Sample,CATTCGACGA
KP-6490-24hr,K11,K,11,Human,VOA-10841,2D-adherent,24,h,Pimasertib,0.1,uM,Sample,CCTGATGCCA
KP-6490-24hr,K12,K,12,Human,VOA-10841,2D-adherent,24,h,Pimasertib,0.1,uM,Sample,CCTTGTATTC
KP-6490-24hr,K13,K,13,Human,VOA-10841,2D-adherent,24,h,Palbociclib,0.1,uM,Sample,CTAACTTCAG
KP-6490-24hr,K14,K,14,Human,VOA-10841,2D-adherent,24,h,Palbociclib,0.1,uM,Sample,CTACACCAGG
KP-6490-24hr,K15,K,15,Human,VOA-10841,2D-adherent,24,h,Mito,0.1,uM,Positive_control,GATAGACTGT
KP-6490-24hr,K16,K,16,Human,AOCS-2,2D-adherent,24,h,AEE788,0.1,uM,Sample,GATAGGTCAA
KP-6490-24hr,K17,K,17,Human,AOCS-2,2D-adherent,24,h,AEE788,0.1,uM,Sample,GGACGATGCT
KP-6490-24hr,K18,K,18,Human,AOCS-2,2D-adherent,24,h,Pimasertib,0.1,uM,Sample,GGCATTATTG
KP-6490-24hr,K19,K,19,Human,AOCS-2,2D-adherent,24,h,Pimasertib,0.1,uM,Sample,GTTCATTGCC
KP-6490-24hr,K20,K,20,Human,AOCS-2,2D-adherent,24,h,Palbociclib,0.1,uM,Sample,GTTCGTCGAA
KP-6490-24hr,K21,K,21,Human,AOCS-2,2D-adherent,24,h,Palbociclib,0.1,uM,Sample,TCCTAAGAGA
KP-6490-24hr,K22,K,22,Human,AOCS-2,2D-adherent,24,h,Mito,0.1,uM,Positive_control,TCGAAGCATT
KP-6490-24hr,K23,K,23,Human,AOCS-2,2D-adherent,24,h,Media,0,uM,Vehicle_control,TTATGCCGCG
KP-6490-24hr,K24,K,24,Human,AOCS-2,2D-adherent,24,h,Media,0,uM,Vehicle_control,TTCAGGAGTA
KP-6490-24hr,L01,L,1,Human,VOA-4698,2D-adherent,24,h,Media,0,uM,Vehicle_control,AAGCGTTCAG
KP-6490-24hr,L02,L,2,Human,VOA-4698,2D-adherent,24,h,Cobimetinib,1,uM,Sample,AAGGCATGCG
KP-6490-24hr,L03,L,3,Human,VOA-4698,2D-adherent,24,h,Cobimetinib,1,uM,Sample,ACCATAACAC
KP-6490-24hr,L04,L,4,Human,VOA-4698,2D-adherent,24,h,Refametinib,1,uM,Sample,ACCGAGAGTC
KP-6490-24hr,L05,L,5,Human,VOA-4698,2D-adherent,24,h,Refametinib,1,uM,Sample,AGAGTTCTGC
KP-6490-24hr,L06,L,6,Human,VOA-4698,2D-adherent,24,h,Dabrafenib,1,uM,Sample,AGCAATGCGC
KP-6490-24hr,L07,L,7,Human,VOA-4698,2D-adherent,24,h,Dabrafenib,1,uM,Sample,ATCCGCTGTG
KP-6490-24hr,L08,L,8,Human,VOA-4698,2D-adherent,24,h,Dox,1,uM,Positive_control,ATCGACGGCT
KP-6490-24hr,L09,L,9,Human,VOA-10841,2D-adherent,24,h,Cobimetinib,1,uM,Sample,CATTACACTG
KP-6490-24hr,L10,L,10,Human,VOA-10841,2D-adherent,24,h,Cobimetinib,1,uM,Sample,CCAACTATGG
KP-6490-24hr,L11,L,11,Human,VOA-10841,2D-adherent,24,h,Refametinib,1,uM,Sample,CCTGCAATAC
KP-6490-24hr,L12,L,12,Human,VOA-10841,2D-adherent,24,h,Refametinib,1,uM,Sample,CGAGATCTCT
KP-6490-24hr,L13,L,13,Human,VOA-10841,2D-adherent,24,h,Dabrafenib,1,uM,Sample,CTAATAGCGT
KP-6490-24hr,L14,L,14,Human,VOA-10841,2D-adherent,24,h,Dabrafenib,1,uM,Sample,CTAGCACAAT
KP-6490-24hr,L15,L,15,Human,VOA-10841,2D-adherent,24,h,Dox,1,uM,Positive_control,GATAGAGGCG
KP-6490-24hr,L16,L,16,Human,AOCS-2,2D-adherent,24,h,Cobimetinib,1,uM,Sample,GATATCAGGA
KP-6490-24hr,L17,L,17,Human,AOCS-2,2D-adherent,24,h,Cobimetinib,1,uM,Sample,GGCATCGTGA
KP-6490-24hr,L18,L,18,Human,AOCS-2,2D-adherent,24,h,Refametinib,1,uM,Sample,GGCCGAGATT
KP-6490-24hr,L19,L,19,Human,AOCS-2,2D-adherent,24,h,Refametinib,1,uM,Sample,GTTCCGGTGA
KP-6490-24hr,L20,L,20,Human,AOCS-2,2D-adherent,24,h,Dabrafenib,1,uM,Sample,GTTGAATTGG
KP-6490-24hr,L21,L,21,Human,AOCS-2,2D-adherent,24,h,Dabrafenib,1,uM,Sample,TCCTCTAGTA
KP-6490-24hr,L22,L,22,Human,AOCS-2,2D-adherent,24,h,Dox,1,uM,Positive_control,TCGAGAGAGC
KP-6490-24hr,L23,L,23,Human,AOCS-2,2D-adherent,24,h,Media,0,uM,Vehicle_control,TTCACGGAAG
KP-6490-24hr,L24,L,24,Human,AOCS-2,2D-adherent,24,h,Media,0,uM,Vehicle_control,TTCCATCGAG
KP-6490-24hr,M01,M,1,Human,VOA-4698,2D-adherent,24,h,Media,0,uM,Vehicle_control,AAGGTCTGGA
KP-6490-24hr,M02,M,2,Human,VOA-4698,2D-adherent,24,h,Cobimetinib,0.1,uM,Sample,AAGTTCCTTG
KP-6490-24hr,M03,M,3,Human,VOA-4698,2D-adherent,24,h,Cobimetinib,0.1,uM,Sample,ACCGGTACAG
KP-6490-24hr,M04,M,4,Human,VOA-4698,2D-adherent,24,h,Refametinib,0.1,uM,Sample,ACCTCCGACA
KP-6490-24hr,M05,M,5,Human,VOA-4698,2D-adherent,24,h,Refametinib,0.1,uM,Sample,AGCATGTCAT
KP-6490-24hr,M06,M,6,Human,VOA-4698,2D-adherent,24,h,Dabrafenib,0.1,uM,Sample,AGCCAGAATA
KP-6490-24hr,M07,M,7,Human,VOA-4698,2D-adherent,24,h,Dabrafenib,0.1,uM,Sample,ATCGCGATTA
KP-6490-24hr,M08,M,8,Human,VOA-4698,2D-adherent,24,h,Dox,1,uM,Positive_control,ATCTAAGGAG
KP-6490-24hr,M09,M,9,Human,VOA-10841,2D-adherent,24,h,Cobimetinib,0.1,uM,Sample,CCAAGGAGTT
KP-6490-24hr,M10,M,10,Human,VOA-10841,2D-adherent,24,h,Cobimetinib,0.1,uM,Sample,CCACAAGTGC
KP-6490-24hr,M11,M,11,Human,VOA-10841,2D-adherent,24,h,Refametinib,0.1,uM,Sample,CGAGGAACAA
KP-6490-24hr,M12,M,12,Human,VOA-10841,2D-adherent,24,h,Refametinib,0.1,uM,Sample,CGATCCTGTG
KP-6490-24hr,M13,M,13,Human,VOA-10841,2D-adherent,24,h,Dabrafenib,0.1,uM,Sample,CTATGAACGG
KP-6490-24hr,M14,M,14,Human,VOA-10841,2D-adherent,24,h,Dabrafenib,0.1,uM,Sample,CTCACCTGTC
KP-6490-24hr,M15,M,15,Human,VOA-10841,2D-adherent,24,h,Dox,1,uM,Positive_control,GATCTCATTC
KP-6490-24hr,M16,M,16,Human,AOCS-2,2D-adherent,24,h,Cobimetinib,0.1,uM,Sample,GATGAGTGAC
KP-6490-24hr,M17,M,17,Human,AOCS-2,2D-adherent,24,h,Cobimetinib,0.1,uM,Sample,GGCGCTATAA
KP-6490-24hr,M18,M,18,Human,AOCS-2,2D-adherent,24,h,Refametinib,0.1,uM,Sample,GGCTATTGAT
KP-6490-24hr,M19,M,19,Human,AOCS-2,2D-adherent,24,h,Refametinib,0.1,uM,Sample,GTTGATCCGC
KP-6490-24hr,M20,M,20,Human,AOCS-2,2D-adherent,24,h,Dabrafenib,0.1,uM,Sample,TAACCGTAGC
KP-6490-24hr,M21,M,21,Human,AOCS-2,2D-adherent,24,h,Dabrafenib,0.1,uM,Sample,TCGCACTTGA
KP-6490-24hr,M22,M,22,Human,AOCS-2,2D-adherent,24,h,Dox,1,uM,Positive_control,TCGCGTAGCA
KP-6490-24hr,M23,M,23,Human,AOCS-2,2D-adherent,24,h,Media,0,uM,Vehicle_control,TTCGAGTGAT
KP-6490-24hr,M24,M,24,Human,AOCS-2,2D-adherent,24,h,Media,0,uM,Vehicle_control,TTGGCAATTC
KP-6490-24hr,N01,N,1,Human,VOA-4698,2D-adherent,24,h,Media,0,uM,Vehicle_control,AAGTTAGCGC
KP-6490-24hr,N02,N,2,Human,VOA-4698,2D-adherent,24,h,Mirdametinib,1,uM,Sample,AATACCGGTA
KP-6490-24hr,N03,N,3,Human,VOA-4698,2D-adherent,24,h,Mirdametinib,1,uM,Sample,ACCGTACTTC
KP-6490-24hr,N04,N,4,Human,VOA-4698,2D-adherent,24,h,Binimetinib,1,uM,Sample,ACCTCTCTCC
KP-6490-24hr,N05,N,5,Human,VOA-4698,2D-adherent,24,h,Binimetinib,1,uM,Sample,AGCCACTAGC
KP-6490-24hr,N06,N,6,Human,VOA-4698,2D-adherent,24,h,Defactinib,1,uM,Sample,AGCCAGCTCT
KP-6490-24hr,N07,N,7,Human,VOA-4698,2D-adherent,24,h,Defactinib,1,uM,Sample,ATCGGTAGGC
KP-6490-24hr,N08,N,8,Human,VOA-4698,2D-adherent,24,h,Dox,0.1,uM,Positive_control,ATGACGGTAA
KP-6490-24hr,N09,N,9,Human,VOA-10841,2D-adherent,24,h,Mirdametinib,1,uM,Sample,CCAATTGTTC
KP-6490-24hr,N10,N,10,Human,VOA-10841,2D-adherent,24,h,Mirdametinib,1,uM,Sample,CCAGCTTAGT
KP-6490-24hr,N11,N,11,Human,VOA-10841,2D-adherent,24,h,Binimetinib,1,uM,Sample,CGATAACCGC
KP-6490-24hr,N12,N,12,Human,VOA-10841,2D-adherent,24,h,Binimetinib,1,uM,Sample,CGCCAACCAT
KP-6490-24hr,N13,N,13,Human,VOA-10841,2D-adherent,24,h,Defactinib,1,uM,Sample,CTCAAGGACC
KP-6490-24hr,N14,N,14,Human,VOA-10841,2D-adherent,24,h,Defactinib,1,uM,Sample,CTCCTATTGT
KP-6490-24hr,N15,N,15,Human,VOA-10841,2D-adherent,24,h,Dox,0.1,uM,Positive_control,GATCTGGTCG
KP-6490-24hr,N16,N,16,Human,AOCS-2,2D-adherent,24,h,Mirdametinib,1,uM,Sample,GATGGATACA
KP-6490-24hr,N17,N,17,Human,AOCS-2,2D-adherent,24,h,Mirdametinib,1,uM,Sample,GGCGTTAAGT
KP-6490-24hr,N18,N,18,Human,AOCS-2,2D-adherent,24,h,Binimetinib,1,uM,Sample,GGCTGCTACT
KP-6490-24hr,N19,N,19,Human,AOCS-2,2D-adherent,24,h,Binimetinib,1,uM,Sample,GTTGTATGCT
KP-6490-24hr,N20,N,20,Human,AOCS-2,2D-adherent,24,h,Defactinib,1,uM,Sample,TAACGTCGAT
KP-6490-24hr,N21,N,21,Human,AOCS-2,2D-adherent,24,h,Defactinib,1,uM,Sample,TCGCCTACTG
KP-6490-24hr,N22,N,22,Human,AOCS-2,2D-adherent,24,h,Dox,0.1,uM,Positive_control,TCGGCGTTAA
KP-6490-24hr,N23,N,23,Human,AOCS-2,2D-adherent,24,h,Media,0,uM,Vehicle_control,TTCTGTACCT
KP-6490-24hr,N24,N,24,Human,AOCS-2,2D-adherent,24,h,Media,0,uM,Vehicle_control,TTGGCTCCAC
KP-6490-24hr,O01,O,1,Human,VOA-4698,2D-adherent,24,h,Media,0,uM,Vehicle_control,AATAGCCACA
KP-6490-24hr,O02,O,2,Human,VOA-4698,2D-adherent,24,h,Mirdametinib,0.1,uM,Sample,AATCCATCTG
KP-6490-24hr,O03,O,3,Human,VOA-4698,2D-adherent,24,h,Mirdametinib,0.1,uM,Sample,ACCTGTCCGA
KP-6490-24hr,O04,O,4,Human,VOA-4698,2D-adherent,24,h,Binimetinib,0.1,uM,Sample,ACGAATGACA
KP-6490-24hr,O05,O,5,Human,VOA-4698,2D-adherent,24,h,Binimetinib,0.1,uM,Sample,AGCGATAACG
KP-6490-24hr,O06,O,6,Human,VOA-4698,2D-adherent,24,h,Defactinib,0.1,uM,Sample,AGCTATTCCA
KP-6490-24hr,O07,O,7,Human,VOA-4698,2D-adherent,24,h,Defactinib,0.1,uM,Sample,ATGACTCAGT
KP-6490-24hr,O08,O,8,Human,VOA-4698,2D-adherent,24,h,Dox,0.1,uM,Positive_control,ATGCGGACTG
KP-6490-24hr,O09,O,9,Human,VOA-10841,2D-adherent,24,h,Mirdametinib,0.1,uM,Sample,CCATAACTTG
KP-6490-24hr,O10,O,10,Human,VOA-10841,2D-adherent,24,h,Mirdametinib,0.1,uM,Sample,CCATAGATCA
KP-6490-24hr,O11,O,11,Human,VOA-10841,2D-adherent,24,h,Binimetinib,0.1,uM,Sample,CGCCAGTGTT
KP-6490-24hr,O12,O,12,Human,VOA-10841,2D-adherent,24,h,Binimetinib,0.1,uM,Sample,CGCGGATTCA
KP-6490-24hr,O13,O,13,Human,VOA-10841,2D-adherent,24,h,Defactinib,0.1,uM,Sample,CTCGCAACGT
KP-6490-24hr,O14,O,14,Human,VOA-10841,2D-adherent,24,h,Defactinib,0.1,uM,Sample,CTGGATTGAC
KP-6490-24hr,O15,O,15,Human,VOA-10841,2D-adherent,24,h,Dox,0.1,uM,Positive_control,GATGTGACAG
KP-6490-24hr,O16,O,16,Human,AOCS-2,2D-adherent,24,h,Mirdametinib,0.1,uM,Sample,GATTGCACGC
KP-6490-24hr,O17,O,17,Human,AOCS-2,2D-adherent,24,h,Mirdametinib,0.1,uM,Sample,GGTAATGTGT
KP-6490-24hr,O18,O,18,Human,AOCS-2,2D-adherent,24,h,Binimetinib,0.1,uM,Sample,GGTGTTCACC
KP-6490-24hr,O19,O,19,Human,AOCS-2,2D-adherent,24,h,Binimetinib,0.1,uM,Sample,TAAGGTACGG
KP-6490-24hr,O20,O,20,Human,AOCS-2,2D-adherent,24,h,Defactinib,0.1,uM,Sample,TACTACCGCC
KP-6490-24hr,O21,O,21,Human,AOCS-2,2D-adherent,24,h,Defactinib,0.1,uM,Sample,TCTACATCCG
KP-6490-24hr,O22,O,22,Human,AOCS-2,2D-adherent,24,h,Dox,0.1,uM,Positive_control,TCTCTCCTAT
KP-6490-24hr,O23,O,23,Human,AOCS-2,2D-adherent,24,h,Media,0,uM,Vehicle_control,TTGGTAACAG
KP-6490-24hr,O24,O,24,Human,AOCS-2,2D-adherent,24,h,Media,0,uM,Vehicle_control,TTGTCGGCCA
KP-6490-24hr,P01,P,1,Human,VOA-4698,2D-adherent,24,h,Media,0,uM,Vehicle_control,AATCACGCGA
KP-6490-24hr,P02,P,2,Human,VOA-4698,2D-adherent,24,h,DMSO,0,uM,Vehicle_control,AATCCGCTCC
KP-6490-24hr,P03,P,3,Human,VOA-4698,2D-adherent,24,h,Media,0,uM,Vehicle_control,ACCTTATGTG
KP-6490-24hr,P04,P,4,Human,VOA-4698,2D-adherent,24,h,DMSO,0,uM,Vehicle_control,ACGCCTCAAC
KP-6490-24hr,P05,P,5,Human,VOA-4698,2D-adherent,24,h,Media,0,uM,Vehicle_control,AGCGTACAAT
KP-6490-24hr,P06,P,6,Human,VOA-4698,2D-adherent,24,h,DMSO,0,uM,Vehicle_control,AGCTCCTCAG
KP-6490-24hr,P07,P,7,Human,VOA-4698,2D-adherent,24,h,Media,0,uM,Vehicle_control,ATGCACCGGA
KP-6490-24hr,P08,P,8,Human,VOA-4698,2D-adherent,24,h,DMSO,0,uM,Vehicle_control,ATGCTTCCTA
KP-6490-24hr,P09,P,9,Human,VOA-10841,2D-adherent,24,h,DMSO,0,uM,Vehicle_control,CCATACTGAC
KP-6490-24hr,P10,P,10,Human,VOA-10841,2D-adherent,24,h,Media,0,uM,Vehicle_control,CCATGTGCTT
KP-6490-24hr,P11,P,11,Human,VOA-10841,2D-adherent,24,h,DMSO,0,uM,Vehicle_control,CGCCTTGTAC
KP-6490-24hr,P12,P,12,Human,VOA-10841,2D-adherent,24,h,Media,0,uM,Vehicle_control,CGCTTAAGGC
KP-6490-24hr,P13,P,13,Human,VOA-10841,2D-adherent,24,h,DMSO,0,uM,Vehicle_control,CTCGTGCCTA
KP-6490-24hr,P14,P,14,Human,VOA-10841,2D-adherent,24,h,Media,0,uM,Vehicle_control,CTGTAGTCAG
KP-6490-24hr,P15,P,15,Human,VOA-10841,2D-adherent,24,h,DMSO,0,uM,Vehicle_control,GATTAAGTCC
KP-6490-24hr,P16,P,16,Human,AOCS-2,2D-adherent,24,h,DMSO,0,uM,Vehicle_control,GCAAGCGAAT
KP-6490-24hr,P17,P,17,Human,AOCS-2,2D-adherent,24,h,Media,0,uM,Vehicle_control,GGTGGTTGGA
KP-6490-24hr,P18,P,18,Human,AOCS-2,2D-adherent,24,h,DMSO,0,uM,Vehicle_control,GGTTAGATCT
KP-6490-24hr,P19,P,19,Human,AOCS-2,2D-adherent,24,h,Media,0,uM,Vehicle_control,TACGGACATA
KP-6490-24hr,P20,P,20,Human,AOCS-2,2D-adherent,24,h,DMSO,0,uM,Vehicle_control,TACTGTCAAG
KP-6490-24hr,P21,P,21,Human,AOCS-2,2D-adherent,24,h,Media,0,uM,Vehicle_control,TCTCCACATT
KP-6490-24hr,P22,P,22,Human,AOCS-2,2D-adherent,24,h,DMSO,0,uM,Vehicle_control,TCTTGCTCGG
KP-6490-24hr,P23,P,23,Human,AOCS-2,2D-adherent,24,h,Media,0,uM,Vehicle_control,TTGGTCAGTA
KP-6490-24hr,P24,P,24,Human,AOCS-2,2D-adherent,24,h,Media,0,uM,Vehicle_control,TTGTGTTCGA
